Gariond,Tony,Foo
z_QueenBrie,Chelsea,36Gold WS36W
z_samiam,Cirie,34Gold WS34S36W
z0ttoro,Sandra,34Gold WS34S36W
z13eit,Wendell,36Silver WS36W
zacidretro,Wendell,36Gold WS36W
zAfraidOfLeaves,Bradley,36Gold WS34S36W
zakaee,Kellyn,36Gold WS36W
zaksurvivorfan,Wendell,36Gold W36W ian face
zalan130,Wendell,36Gold WS36W
zAlexDLC,Malcolm,34Gold WS34S36W
zAlexis_Sanchez_17,J.T.,34Gold WS36W
zall_nines,Wendell,36Gold WS36W
zAloysiusTravers,Jeremy,31Gold WS31S36W
zamandaw11,Queen Sandra,X WS34S36W
zamazing_el_Nando,Wendell,36Gold WS36W
zAmberkowicz1,Malcolm,34Gold WS36W
zAmigo3,Malcolm,34Gold WS36W
zAnimatedguy,,X WS36W
zannar1196,Die Jerks,X WS36W
zannierachel,Aubry,34Gold WS36W
zanonymous032,,X WS36W
zapolloneare3975,Desiree,36Gold WS34S36W
zaryathecat,Malcolm,34Gold WS36W
zas1992,Chris,36Gold WS36W
